{
  "templates_dir": "C:\\Users\\robin\\Desktop\\(ATELIER)\\7-Code\\Bot_demineur\\Bot 1000mines-com\\src\\lib\\s2_recognition\\s21_templates\\symbols",
  "generated_at": "2025-12-09T14:29:31.335781+00:00",
  "templates": {
    "number_1": {
      "mean": 174.90798950195312,
      "std": 40.629512786865234,
      "min": 24.0,
      "max": 188.0,
      "width": 24,
      "height": 24,
      "fingerprint_4x4": [
        [
          0.7450000047683716,
          0.6710000038146973,
          0.6510000228881836,
          0.7450000047683716
        ],
        [
          0.753000020980835,
          0.5180000066757202,
          0.49799999594688416,
          0.7609999775886536
        ],
        [
          0.7490000128746033,
          0.6589999794960022,
          0.5450000166893005,
          0.753000020980835
        ],
        [
          0.7369999885559082,
          0.7289999723434448,
          0.7179999947547913,
          0.7369999885559082
        ]
      ]
    },
    "number_2": {
      "mean": 173.61805725097656,
      "std": 36.49705123901367,
      "min": 68.0,
      "max": 188.0,
      "width": 24,
      "height": 24,
      "fingerprint_4x4": [
        [
          0.7409999966621399,
          0.6470000147819519,
          0.6510000228881836,
          0.7409999966621399
        ],
        [
          0.7409999966621399,
          0.6309999823570251,
          0.5139999985694885,
          0.7409999966621399
        ],
        [
          0.7490000128746033,
          0.5289999842643738,
          0.5649999976158142,
          0.7450000047683716
        ],
        [
          0.7369999885559082,
          0.6980000138282776,
          0.7020000219345093,
          0.7369999885559082
        ]
      ]
    },
    "number_3": {
      "mean": 174.55902099609375,
      "std": 35.6636962890625,
      "min": 64.0,
      "max": 188.0,
      "width": 24,
      "height": 24,
      "fingerprint_4x4": [
        [
          0.7450000047683716,
          0.6470000147819519,
          0.6510000228881836,
          0.7450000047683716
        ],
        [
          0.7450000047683716,
          0.6200000047683716,
          0.5139999985694885,
          0.7450000047683716
        ],
        [
          0.7409999966621399,
          0.6039999723434448,
          0.5370000004768372,
          0.7369999885559082
        ],
        [
          0.7409999966621399,
          0.7099999785423279,
          0.7179999947547913,
          0.7409999966621399
        ]
      ]
    },
    "number_4": {
      "mean": 174.89236450195312,
      "std": 33.58890151977539,
      "min": 75.0,
      "max": 188.0,
      "width": 24,
      "height": 24,
      "fingerprint_4x4": [
        [
          0.7409999966621399,
          0.722000002861023,
          0.6629999876022339,
          0.7409999966621399
        ],
        [
          0.7490000128746033,
          0.5799999833106995,
          0.5099999904632568,
          0.7490000128746033
        ],
        [
          0.7369999885559082,
          0.5759999752044678,
          0.5220000147819519,
          0.7409999966621399
        ],
        [
          0.7369999885559082,
          0.7450000047683716,
          0.7250000238418579,
          0.7369999885559082
        ]
      ]
    },
    "number_5": {
      "mean": 169.91319274902344,
      "std": 46.24822998046875,
      "min": 35.0,
      "max": 188.0,
      "width": 24,
      "height": 24,
      "fingerprint_4x4": [
        [
          0.7450000047683716,
          0.6309999823570251,
          0.6240000128746033,
          0.7409999966621399
        ],
        [
          0.7490000128746033,
          0.49000000953674316,
          0.4860000014305115,
          0.7450000047683716
        ],
        [
          0.7409999966621399,
          0.5690000057220459,
          0.4860000014305115,
          0.7369999885559082
        ],
        [
          0.7409999966621399,
          0.7020000219345093,
          0.7139999866485596,
          0.7409999966621399
        ]
      ]
    },
    "number_6": {
      "mean": 178.72048950195312,
      "std": 21.465978622436523,
      "min": 121.0,
      "max": 188.0,
      "width": 24,
      "height": 24,
      "fingerprint_4x4": [
        [
          0.7409999966621399,
          0.6980000138282776,
          0.6899999976158142,
          0.7409999966621399
        ],
        [
          0.7369999885559082,
          0.5879999995231628,
          0.6200000047683716,
          0.7409999966621399
        ],
        [
          0.7409999966621399,
          0.6240000128746033,
          0.6200000047683716,
          0.7369999885559082
        ],
        [
          0.7369999885559082,
          0.7289999723434448,
          0.7250000238418579,
          0.7369999885559082
        ]
      ]
    },
    "number_7": {
      "mean": 171.93576049804688,
      "std": 48.776145935058594,
      "min": 0.0,
      "max": 188.0,
      "width": 24,
      "height": 24,
      "fingerprint_4x4": [
        [
          0.7409999966621399,
          0.5839999914169312,
          0.5490000247955322,
          0.7409999966621399
        ],
        [
          0.753000020980835,
          0.5730000138282776,
          0.45899999141693115,
          0.7570000290870667
        ],
        [
          0.7570000290870667,
          0.5289999842643738,
          0.6389999985694885,
          0.7490000128746033
        ],
        [
          0.7369999885559082,
          0.7139999866485596,
          0.7329999804496765,
          0.7369999885559082
        ]
      ]
    },
    "exploded_a": {
      "mean": 152.203125,
      "std": 77.15452575683594,
      "min": 0.0,
      "max": 255.0,
      "width": 24,
      "height": 24,
      "fingerprint_4x4": [
        [
          0.5799999833106995,
          0.5839999914169312,
          0.5329999923706055,
          0.45899999141693115
        ],
        [
          0.5249999761581421,
          0.9139999747276306,
          0.8939999938011169,
          0.4749999940395355
        ],
        [
          0.49399998784065247,
          0.9100000262260437,
          0.906000018119812,
          0.40799999237060547
        ],
        [
          0.5730000138282776,
          0.41200000047683716,
          0.44699999690055847,
          0.3959999978542328
        ]
      ]
    },
    "exploded_b": {
      "mean": 159.54339599609375,
      "std": 73.74539947509766,
      "min": 0.0,
      "max": 255.0,
      "width": 24,
      "height": 24,
      "fingerprint_4x4": [
        [
          0.7179999947547913,
          0.5289999842643738,
          0.6039999723434448,
          0.5180000066757202
        ],
        [
          0.5609999895095825,
          0.921999990940094,
          0.8899999856948853,
          0.5099999904632568
        ],
        [
          0.5960000157356262,
          0.9100000262260437,
          0.8939999938011169,
          0.45100000500679016
        ],
        [
          0.40400001406669617,
          0.4350000023841858,
          0.45100000500679016,
          0.5529999732971191
        ]
      ]
    },
    "exploded_c": {
      "mean": 158.6197967529297,
      "std": 74.01454162597656,
      "min": 0.0,
      "max": 255.0,
      "width": 24,
      "height": 24,
      "fingerprint_4x4": [
        [
          0.5370000004768372,
          0.6710000038146973,
          0.4860000014305115,
          0.6589999794960022
        ],
        [
          0.6349999904632568,
          0.9020000100135803,
          0.9100000262260437,
          0.4779999852180481
        ],
        [
          0.5180000066757202,
          0.8939999938011169,
          0.906000018119812,
          0.44699999690055847
        ],
        [
          0.5690000057220459,
          0.5609999895095825,
          0.40799999237060547,
          0.3610000014305115
        ]
      ]
    },
    "exploded_d": {
      "mean": 152.73611450195312,
      "std": 79.54988098144531,
      "min": 0.0,
      "max": 255.0,
      "width": 24,